amfi_code,start_nav,end_nav,return_pct,volatility,sharpe_ratio
118632,12.2191,106.1272,768.5353258423289,0.1669149850387967,0.9485440041903792
119551,102.2299,161.3775,57.85743701206789,0.0871138017475537,0.0629482756014068
120503,0.0,113.6849,,,
120841,30.5643,281.1083,819.7275906858655,0.1542015846001139,1.1088819753121772
125497,12.7775,214.6767,1580.1150459792605,0.1520339249366471,1.5234873990578006
