amfi_code,start_nav,end_nav,return_pct,volatility,sharpe_ratio
118632,12.2191,106.1272,768.5353258423289,0.0105146557262553,0.0597526557783131
119551,102.2299,161.3775,57.85743701206789,0.0054876536948907,0.0039653686357542
120503,13.6318,113.6849,733.9683680805176,0.009643573456114,0.0654381850141892
120841,30.5643,281.1083,819.7275906858655,0.0097137867767616,0.069852998571383
125497,12.7775,214.6767,1580.1150459792605,0.009577237053034,0.0959706853201799
