amfi_code,start_nav,end_nav,return_pct,volatility,sharpe_ratio,scheme_name,score
125497,12.7775,214.6767,1580.1150459792605,0.1520339249366471,1.5234873990578006,HDFC Top 100 Fund,10.0
120841,30.5643,281.1083,819.7275906858655,0.1542015846001139,1.1088819753121772,Kotak Bluechip Fund,8.0
118632,12.2191,106.1272,768.5353258423289,0.1669149850387967,0.9485440041903792,Nippon India Large Cap Fund,6.0
120503,13.6318,113.6849,733.968368,0.009644,0.065438,ICICI Prudential Bluechip Fund,4.0
119551,102.2299,161.3775,57.85743701206789,0.0871138017475537,0.0629482756014068,SBI Bluechip Fund,2.0
