amfi_code,start_nav,end_nav,return_pct
118632,12.2191,106.1272,768.5353258423289
119551,102.2299,161.3775,57.85743701206789
120503,0.0,113.6849,
120841,30.5643,281.1083,819.7275906858655
125497,12.7775,214.6767,1580.1150459792605
