amfi_code,volatility,sharpe_ratio
125497,0.00957723705303404,0.09597068532017998
120503,0.009643573456114003,0.06543818501418922
120841,0.009713786776761638,0.069852998571383
118632,0.010514655726255309,0.05975265577831314
119551,0.005487653694890742,0.003965368635754225
