amfi_code,volatility,sharpe_ratio
118632,0.16691498503879673,0.9485440041903791
119551,0.08711380174755375,0.06294827560140688
120503,,
120841,0.15420158460011393,1.1088819753121772
125497,0.15203392493664714,1.5234873990578006
