amfi_code,VaR_95,CVaR_95
125497,0.001091,0.001
119551,0.004884,0.004851
120503,0.003705,0.003652
118632,0.003699,0.003663
120841,0.002957,0.002773
